{"avg_train_loss": 0.423861257799635, "avg_train_acc": 0.8529673854927821, "gfl_test_acc_uniform": 0.6083999872207642, "pfl_test_acc_uniform": 0.41911000162363055, "pfl_test_acc_validclass": 0.5845945656299592, "pfl_test_acc_labeldist": 0.7999779939651489, "_timestamp": 1718089966.349954, "_runtime": 11796.225035905838, "_step": 99, "_wandb": {"runtime": 11796}}